{
  "project_info": {
    "project_number": "1068011657392",
    "project_id": "fir-storage-b1293",
    "storage_bucket": "fir-storage-b1293.appspot.com"
  },
  "client": [
    {
      "client_info": {
        "mobilesdk_app_id": "1:1068011657392:android:9be8494b2d36a013ca4375",
        "android_client_info": {
          "package_name": "lk.rush.firebasestorage"
        }
      },
      "oauth_client": [],
      "api_key": [
        {
          "current_key": "AIzaSyAqa685_wrd2xmci_oXRah4vIT8UF36_qE"
        }
      ],
      "services": {
        "appinvite_service": {
          "other_platform_oauth_client": []
        }
      }
    }
  ],
  "configuration_version": "1"
}